{
  "timestamp": "2026-02-05 13:00:51",
  "test_set": "/home/kource/Projects/DPL/squat-hero-ai/data/processed/yoga_final/test",
  "model_status": "untrained",
  "results": {
    "angle_based": {
      "accuracy": 0.09180790960451977,
      "precision": 0.1055656831635628,
      "recall": 0.09180790960451977,
      "f1_score": 0.08179233749763472,
      "avg_inference_time_ms": 1.0673791001745536,
      "fps": 936.8742556758561,
      "total_samples": 1416,
      "failed_samples": 52,
      "per_class_accuracy": {
        "Adho Mukha Svanasana": 0.0,
        "Adho Mukha Vriksasana": 0.0,
        "Adho Mukha Vrksasana": 0.1,
        "Agnistambhasana": 0.0,
        "Ananda Balasana": 0.0,
        "Anantasana": 0.14285714285714285,
        "Anjaneyasana": 0.047619047619047616,
        "Ardha Bhekasana": 0.0,
        "Ardha Chandrasana": 0.07692307692307693,
        "Ardha Matsyendrasana": 0.25925925925925924,
        "Ardha Pincha Mayurasana": 0.0,
        "Ardha Uttanasana": 0.2727272727272727,
        "Ashtanga Namaskara": 0.0,
        "Astavakrasana": 0.0,
        "Baddha Konasana": 0.28125,
        "Bakasana": 0.0,
        "Balasana": 0.2222222222222222,
        "Bhairavasana": 0.0,
        "Bharadvajasana I": 0.1111111111111111,
        "Bhekasana": 0.0,
        "Bhujangasana": 0.0,
        "Bhujapidasana": 0.1,
        "Bitilasana": 0.17857142857142858,
        "Camatkarasana": 0.0,
        "Chakravakasana": 0.0,
        "Chaturanga Dandasana": 0.15384615384615385,
        "Dandasana": 0.5555555555555556,
        "Dhanurasana": 0.07142857142857142,
        "Durvasasana": 0.7142857142857143,
        "Dwi Pada Viparita Dandasana": 0.0,
        "Eka Pada Koundinyanasana I": 0.0,
        "Eka Pada Koundinyanasana Ii": 0.0,
        "Eka Pada Rajakapotasana": 0.0625,
        "Eka Pada Rajakapotasana Ii": 0.0,
        "Ganda Bherundasana": 0.0,
        "Garbha Pindasana": 0.16666666666666666,
        "Garudasana": 0.08,
        "Gomukhasana": 0.0,
        "Halasana": 0.0,
        "Hanumanasana": 0.0,
        "Janu Sirsasana": 0.0,
        "Kapotasana": 0.0,
        "Krounchasana": 0.25,
        "Kurmasana": 0.0,
        "Lolasana": 0.0,
        "Makara Adho Mukha Svanasana": 0.0,
        "Makarasana": 0.3333333333333333,
        "Malasana": 0.0,
        "Marichyasana I": 0.25,
        "Marichyasana Iii": 0.0,
        "Marjaryasana": 0.0,
        "Matsyasana": 0.0,
        "Mayurasana": 0.0,
        "Natarajasana": 0.0,
        "Padmasana": 0.0,
        "Parighasana": 0.0,
        "Paripurna Navasana": 0.18181818181818182,
        "Parivrtta Janu Sirsasana": 0.14285714285714285,
        "Parivrtta Parsvakonasana": 0.0,
        "Parivrtta Trikonasana": 0.0,
        "Parsva Bakasana": 0.0,
        "Parsvottanasana": 0.0,
        "Pasasana": 0.1111111111111111,
        "Paschimottanasana": 0.05263157894736842,
        "Phalakasana": 0.0,
        "Pincha Mayurasana": 0.0,
        "Prasarita Padottanasana": 0.36363636363636365,
        "Purvottanasana": 0.3333333333333333,
        "Salabhasana": 0.2,
        "Salamba Bhujangasana": 0.16666666666666666,
        "Salamba Sarvangasana": 0.0,
        "Salamba Sirsasana": 0.0,
        "Savasana": 0.1,
        "Setu Bandha Sarvangasana": 0.15,
        "Simhasana": 0.0,
        "Sivasana": 0.0,
        "Sukhasana": 0.0,
        "Supta Baddha Konasana": 0.16666666666666666,
        "Supta Matsyendrasana": 0.0,
        "Supta Padangusthasana": 0.0,
        "Supta Virasana": 0.0,
        "Tadasana": 0.0,
        "Tittibhasana": 0.0,
        "Tolasana": 0.2222222222222222,
        "Trikonasana": 0.5,
        "Tulasana": 0.0,
        "Upavistha Konasana": 0.0,
        "Urdhva Dhanurasana": 0.0,
        "Urdhva Hastasana": 0.2857142857142857,
        "Urdhva Mukha Svanasana": 0.3,
        "Urdhva Mukha Svsnssana": 0.36363636363636365,
        "Urdhva Prasarita Eka Padasana": 0.0,
        "Ustrasana": 0.07407407407407407,
        "Utkatasana": 0.0967741935483871,
        "Uttana Shishosana": 0.0,
        "Uttanasana": 0.05,
        "Utthita Ashwa Sanchalanasana": 0.0,
        "Utthita Hasta Padangustasana": 0.0,
        "Utthita Hasta Padangusthasana": 0.1,
        "Utthita Parsvakonasana": 0.0,
        "Utthita Trikonasana": 0.36363636363636365,
        "Vajrasana": 0.1111111111111111,
        "Vasisthasana": 0.08333333333333333,
        "Viparita Karani": 0.0,
        "Virabhadrasana I": 0.0,
        "Virabhadrasana Ii": 0.2222222222222222,
        "Virabhadrasana Iii": 0.5,
        "Virabhadrasana One": 0.0,
        "Virabhadrasana Three": 0.0,
        "Virabhadrasana Two": 0.1111111111111111,
        "Virasana": 0.25,
        "Vriksasana": 0.0,
        "Vrischikasana": 0.25,
        "Vrksasana": 0.15,
        "Yoganidrasana": 0.125
      }
    },
    "vector_based": {
      "accuracy": 0.009180790960451978,
      "precision": 0.000137231553967892,
      "recall": 0.009180790960451978,
      "f1_score": 0.0002704209413977019,
      "avg_inference_time_ms": 1.6749122385251318,
      "fps": 597.0462075556653,
      "total_samples": 1416,
      "failed_samples": 52,
      "per_class_accuracy": {
        "Adho Mukha Svanasana": 0.0,
        "Adho Mukha Vriksasana": 0.0,
        "Adho Mukha Vrksasana": 0.0,
        "Agnistambhasana": 0.0,
        "Ananda Balasana": 0.0,
        "Anantasana": 0.0,
        "Anjaneyasana": 0.0,
        "Ardha Bhekasana": 0.0,
        "Ardha Chandrasana": 0.0,
        "Ardha Matsyendrasana": 0.0,
        "Ardha Pincha Mayurasana": 0.0,
        "Ardha Uttanasana": 0.0,
        "Ashtanga Namaskara": 0.0,
        "Astavakrasana": 0.0,
        "Baddha Konasana": 0.0,
        "Bakasana": 0.0,
        "Balasana": 0.0,
        "Bhairavasana": 0.0,
        "Bharadvajasana I": 0.0,
        "Bhekasana": 0.0,
        "Bhujangasana": 0.0,
        "Bhujapidasana": 0.0,
        "Bitilasana": 0.0,
        "Camatkarasana": 0.0,
        "Chakravakasana": 0.0,
        "Chaturanga Dandasana": 0.0,
        "Dandasana": 0.0,
        "Dhanurasana": 0.0,
        "Durvasasana": 0.0,
        "Dwi Pada Viparita Dandasana": 0.0,
        "Eka Pada Koundinyanasana I": 0.0,
        "Eka Pada Koundinyanasana Ii": 0.0,
        "Eka Pada Rajakapotasana": 0.0,
        "Eka Pada Rajakapotasana Ii": 0.0,
        "Ganda Bherundasana": 0.0,
        "Garbha Pindasana": 0.0,
        "Garudasana": 0.0,
        "Gomukhasana": 0.0,
        "Halasana": 0.65,
        "Hanumanasana": 0.0,
        "Janu Sirsasana": 0.0,
        "Kapotasana": 0.0,
        "Krounchasana": 0.0,
        "Kurmasana": 0.0,
        "Lolasana": 0.0,
        "Makara Adho Mukha Svanasana": 0.0,
        "Makarasana": 0.0,
        "Malasana": 0.0,
        "Marichyasana I": 0.0,
        "Marichyasana Iii": 0.0,
        "Marjaryasana": 0.0,
        "Matsyasana": 0.0,
        "Mayurasana": 0.0,
        "Natarajasana": 0.0,
        "Padmasana": 0.0,
        "Parighasana": 0.0,
        "Paripurna Navasana": 0.0,
        "Parivrtta Janu Sirsasana": 0.0,
        "Parivrtta Parsvakonasana": 0.0,
        "Parivrtta Trikonasana": 0.0,
        "Parsva Bakasana": 0.0,
        "Parsvottanasana": 0.0,
        "Pasasana": 0.0,
        "Paschimottanasana": 0.0,
        "Phalakasana": 0.0,
        "Pincha Mayurasana": 0.0,
        "Prasarita Padottanasana": 0.0,
        "Purvottanasana": 0.0,
        "Salabhasana": 0.0,
        "Salamba Bhujangasana": 0.0,
        "Salamba Sarvangasana": 0.0,
        "Salamba Sirsasana": 0.0,
        "Savasana": 0.0,
        "Setu Bandha Sarvangasana": 0.0,
        "Simhasana": 0.0,
        "Sivasana": 0.0,
        "Sukhasana": 0.0,
        "Supta Baddha Konasana": 0.0,
        "Supta Matsyendrasana": 0.0,
        "Supta Padangusthasana": 0.0,
        "Supta Virasana": 0.0,
        "Tadasana": 0.0,
        "Tittibhasana": 0.0,
        "Tolasana": 0.0,
        "Trikonasana": 0.0,
        "Tulasana": 0.0,
        "Upavistha Konasana": 0.0,
        "Urdhva Dhanurasana": 0.0,
        "Urdhva Hastasana": 0.0,
        "Urdhva Mukha Svanasana": 0.0,