{
  "timestamp": "2026-02-05 12:55:13",
  "samples": 200,
  "results": {
    "Angle-based": {
      "accuracy": 0.14358974358974358,
      "precision": 0.12316239316239316,
      "recall": 0.14358974358974358,
      "f1": 0.12208791208791209,
      "avg_time_ms": 0.637510495308118,
      "fps": 1568.6016267335108,
      "samples": 195.0,
      "failed": 5.0
    },
    "Vector-based": {
      "accuracy": 0.015384615384615385,
      "precision": 0.001391745509392568,
      "recall": 0.015384615384615385,
      "f1": 0.0022683489350156017,
      "avg_time_ms": 1.8312307504507213,
      "fps": 546.0808255616447,
      "samples": 195.0,
      "failed": 5.0
    }
  }
}